FORMAT -> OBJECT_LABEL | OBJECT_ID (OPTIONAL TO SUPPORT DISAMBIGUATION) - NOTE: INDENTATION OF INFO ONE COLUMN DESIGNATES BELONGING TO OBJECT ABOVE.,Unnamed: 1,Unnamed: 2,Unnamed: 3,Unnamed: 4
COMPUTER SCIENCE,n0,,,
,GIT,n0::n0,,
,WEBSERVICES,n0::n1,,
,DATABASES,n0::n2,,
,ML,n0::n3,,
,NLP,n0::n4,,
,SERVICES,n0::n5,,
,PROCESSES,n0::n6,,
,SCHEDULERS,n0::n7,,
,ASYNC,n0::n8,,
,BACKUPS,n0::n9,,
,ARGUMENTS,n0::n10,,
,REFLECTION,n0::n11,,
,EXCEPTION HANDLING,n0::n12,,
,SOLID,n0::n13,,
,DRY,n0::n14,,
,LISKOV,n0::n15,,
,RECURSION,n0::n16,,
,OOP,n0::n17,,
INTERPRETER,n1,,,
,LICENSING,n1::n0,,
,CAD,n1::n1,,
,API,n1::n2,,
,C++/JAVA,n1::n3,,
,USER INTERFACE TO PROG,n1::n4,,
,USER INTERFACE - DEV,n1::n5,,
,INTERPRETED LANGUAGE,n1::n6,,
,JIT COMPILED / COMPILE,n1::n7,,
,BRINGING IN LIBRARIES FROM EXTERNALLY,n1::n8,,
,RICH DOCUMENTATION AND EXAMPLE LIBRARIES,n1::n9,,
,DESIGN PATTERNS APPROACH,n1::n10,,
,RICH IDE FOR LANGUAGE / INTERFACE FOR DEVELOPING,n1::n11,,
,INFORMATIVE DEBUGGING FOR LANGUAGE,n1::n12,,
,RICH FAQ / FORUM,n1::n13,,
,EASY INSTALLATION,n1::n14,,
,EASY MAINTENANCE,n1::n15,,
IDE,n2,,,
,TOKENIZING,n2::n0,,
,COLORING,n2::n1,,
,LINTING,n2::n2,,
,AUTOCOMPLETION,n2::n3,,
,SYNTAX HELP,n2::n4,,
,ACCESS TO DEEPER DOCS,n2::n5,,
,ACCESS TO USAGE EXAMPLES,n2::n6,,
,PRODUCTIVITY TOOLS,n2::n7,,
,STATIC CODE ANALYSIS,n2::n8,,
DATA MODELLING,n3,,,
,DATA TYPES FOR MODEL,n3::n0,,
,CHECKING OF MODEL INSTANCE SEMANTICS,n3::n1,,
,GRAPH TECH,n3::n2,,
,DEPENDENCIES,n3::n3,,
,CYCLICAL CHECKS,n3::n4,,
,XML,n3::n5,,
,VATICLE,n3::n6,,
,RELATIONAL DB,n3::n7,,
,JSON,n3::n8,,
TECH THAT I HAVE,n4,,,
,LANGUAGES,n4::n0,,
,WEBSERVER,n4::n1,,
,MULTIPLE COMPUTERS,n4::n2,,
,SCHEDULERS,n4::n3,,
,SERVICES,n4::n4,,
,POWERSHELL,n4::n5,,
,VIDEO,n4::n6,,
VCS / GIT,n5,,,
,,n5::n0,,
VS CODE EXTENSION,n6,,,
,,n6::n0,,
PROGRAMMING LANGUAGES,n7,,,
,PYTHON,n7::n0,,
,RUST,n7::n1,,
,C++,n7::n2,,
,C,n7::n3,,
,JAVA,n7::n4,,
,PHP,n7::n5,,
,HTML,n7::n6,,
,JAVASCRIPT,n7::n7,,
,POWERSHELL,n7::n8,,
,REGEX,n7::n9,,
,SQL,n7::n10,,
,VBA,n7::n11,,
,C#,n7::n12,,
,CSS,n7::n13,,
,PERL,n7::n14,,
,GO,n7::n15,,
,SWIFT,n7::n16,,
,LISP,n7::n17,,
,HASKELL,n7::n18,,
,PROLOG,n7::n19,,
,SCALA,n7::n20,,
,RUBY,n7::n21,,
HARDWARE ARCHITECTURE,n8,,,
,empty_group_Node,,,
OPERATING SYSTEM,n9,,,
,ANDROID,n9::n0,,
,IOS,n9::n1,,
,LINUX,n9::n2,,
,UNIX,n9::n3,,
,WINDOWS,n9::n4,,
,UBUNTU,n9::n5,,
,DEBIAN,n9::n6,,
DEVELOPER PLATFORM,n10,,,
,.NET,n10::n0,,
TRANSLATOR,n11,,,
,TOKENIZING,n11::n0,,
,PARSING,n11::n1,,
,LEXING,n11::n2,,
,PHYSICAL NEW LINE,n11::n3,,
,LOGICAL NEW LINE,n11::n4,,
,IMPLICIT VS EXPLICIT LINE BREAKS,n11::n5,,
,LITERALS,n11::n6,,
,[ ( {,n11::n7,,
,LITERALS ALLOW YOU TO WRITE OVER MULT LINES,n11::n8,,
,COMMENTS CAN BE ADDED TO END OF EACH PHYSICAL LINE,n11::n9,,
,\ - IGNORE PHYSICAL NEW LINE,n11::n10,,
,"MULTI-LINE STRING LITERALS ''' "" "" "" ",n11::n11,,
,ESCAPED CHARACTERS,n11::n12,,
,ENCODING,n11::n13,,
PYTHON,n12,,,
,LOGGING,n12::n0,,
,PDB,n12::n1,,
,ENUMERATE,n12::n2,,
,CLASSES,n12::n3,,
,SETS,n12::n4,,
,DICT,n12::n5,,
,LIST,n12::n6,,
,MUTABLE,n12::n7,,
,NON-MODIFIABLE USER DEFINED CLASSES,n12::n8,,
,FROZEN SET,n12::n9,,
,TUPLES,n12::n10,,
,STRINGS,n12::n11,,
,NUMBERS,n12::n12,,
,IMMUTABLE,n12::n13,,
,INTERNAL STATE,n12::n14,,
,SHARED ADDRESSES,n12::n15,,
,UNCOLLECTABLE,n12::n16,,
,CAN TURN OFF - OR MANAGE MANUALLY FOR PERFORMANCE,n12::n17,,
,CIRCULAR REFERENCING,n12::n18,,
,MEMORY LEAKS,n12::n19,,
,WHEN NO MORE REFERENCES TO OBJECT - THE MEMORY ADDRESS IS FREED,n12::n20,,
,POINTER,n12::n21,,
,HEXADECIMAL HEX(ID(VAR_A)),n12::n22,,
,FIRST ADDRESS OF THE OBJECT,n12::n23,,
,MEMORY MANAGER,n12::n24,,
,HEAP,n12::n25,,
,@PROP.SETTER - SETTER,n12::n26,,
,@PROPERTY - INITIALIZATION / GET,n12::n27,,
,SHALLOW COPY,n12::n28,,
,MALLOC,n12::n29,,
,HTTPS://DOCS.PYTHON.ORG/3.11/USING/CMDLINE.HTML#USING-ON-GENERAL,n12::n30,,
,OPTIONS,n12::n31,,
,CALLING PYTHON,n12::n32,,
,UNIX SHEBANG LINE,n12::n33,,
,SOURCE CODE ENCODING - FIRST LINE # -*- CODING: UTF-8 -*-,n12::n34,,
,DEFINITION VS USAGE SEQUENTIALITY,n12::n35,,
,NAMESPACE,n12::n36,,
,POLYMORPHISM,n12::n37,,
,"ANNOTATIONS DEF FUNCT_2(A: INT, B: INT):",n12::n38,,
,PROCEDURE,n12::n39,,
,TERNARY OPERATOR,n12::n40,,
,CONDITIONAL EXPRESSION X IF A > 10 ELSE Y,n12::n41,,
,CONDITIONAL ORDER,n12::n42,,
,CONDITIONALS,n12::n43,,
,CLASSES,n12::n44,,
,OPERATORS OFTEN GET TURNED INTO METHODS IN THIS FORM ON THE OBJECTS,n12::n45,,
,SPECIAL MEANING TO PY INTERPRETER,n12::n46,,
,MANGLE CLASS ATTRIBUTES,n12::n47,,
,PRIVATE OBJECT - NOT IMPORTED BUT CAN STILL BE ACCESSED,n12::n48,,
,__ABC__,n12::n49,,
,__ABC,n12::n50,,
,_ABC,n12::n51,,
,IDENTIFIERS,n12::n52,,
,OBJECTS,n12::n53,,
,ENCODING,n12::n54,,
,ESCAPED CHARACTERS,n12::n55,,
,"MULTI-LINE STRING LITERALS ''' "" "" "" ",n12::n56,,
,\ - IGNORE PHYSICAL NEW LINE,n12::n57,,
,COMMENTS CAN BE ADDED TO END OF EACH PHYSICAL LINE,n12::n58,,
,LITERALS ALLOW YOU TO WRITE OVER MULT LINES,n12::n59,,
,[ ( {,n12::n60,,
,LITERALS,n12::n61,,
,IMPLICIT VS EXPLICIT LINE BREAKS,n12::n62,,
,LOGICAL NEW LINE,n12::n63,,
,PHYSICAL NEW LINE,n12::n64,,
,... (ELLIPSIS),n12::n65,,
,NOTIMPLEMENTED,n12::n66,,
,ANY / SOME,n12::n67,,
,NONE,n12::n68,,
,SINGLETONS,n12::n69,,
,BUILT IN METHODS,n12::n70,,
,BUILT IN FUNCTIONS,n12::n71,,
,CLASS INSTANCES (__CALL__),n12::n72,,
,INSTANCE METHODS,n12::n73,,
,CLASSES,n12::n74,,
,GENERATOR (EXPRESSION),n12::n75,,
,CALLABLES,n12::n76,,
,HASH MAPS,n12::n77,,
,CONTINUE,n12::n78,,
,BREAK,n12::n79,,
,FOR,n12::n80,,
,WHILE,n12::n81,,
,TRY,n12::n82,,
,NAMING CONVENTIONS,n12::n83,,
,MULTI-LINE STATEMENTS,n12::n84,,
,JUPYTER NOTEBOOK,n12::n85,,
,VARIABLES,n12::n86,,
,FLOAT,n12::n87,,
,BOOL,n12::n88,,
,STR,n12::n89,,
,INT,n12::n90,,
,CONVERTING TYPES,n12::n91,,
,__MAIN__,n12::n92,,
,ZIP ARCHIVES,n12::n93,,
,MANIPULATE NAMESPACES USING PACKAGING,n12::n94,,
,NAME SPACES,n12::n95,,
,MODULES,n12::n96,,
,DOC STRINGS,n12::n97,,
,READ ONLY LIST,n12::n98,,
,DECORATOR CLASSES,n12::n99,,
,CLASS DECORATORS,n12::n100,,
,STACKED DECORATORS,n12::n101,,
,PARAMETERIZED DECORATORS,n12::n102,,
,NESTED DECORATORS,n12::n103,,
,DECORATORS,n12::n104,,
,CLOSURES,n12::n105,,
,SCOPE,n12::n106,,
,PACKING AND UNPACKING ARGUMENTS,n12::n107,,
,PACKING AND UNPACKING ITERABLES,n12::n108,,
,DEFAULT VALUES,n12::n109,,
,POSITIONAL ARGS,n12::n110,,
,ARGUMENTS,n12::n111,,
,ZIP - PROCESS ITERATORS IN PARALLEL,n12::n112,,
,FILTER,n12::n113,,
,MAP,n12::n114,,
,FUNCTIONAL PROGRAMMING,n12::n115,,
,INTROSPECTION,n12::n116,,
,LAMBDAS: INLINE ANON FUNCS,n12::n117,,
,FUNCTIONS,n12::n118,,
,ASSOCIATED TRUTH VALUES,n12::n119,,
,COMPARISION OPERATORS,n12::n120,,
,BOOLEAN OPERATORS,n12::n121,,
,BOOLEANS,n12::n122,,
,CMATH (STD LIB),n12::n123,,
,COMPLEX NUMBERS,n12::n124,,
,DECIMALS,n12::n125,,
,EXACTNESS,n12::n126,,
,ROUNDNESS,n12::n127,,
,BINARY,n12::n128,,
,FLOATS,n12::n129,,
,RATIONALS,n12::n130,,
,INTEGERS,n12::n131,,
,NUMERIC TYPES,n12::n132,,
,SHARED REFERENCES,n12::n133,,
,MUTABILITY,n12::n134,,
,MEMORY ADDRESSES,n12::n135,,
,GARBAGE COLLECTION GC MODULE,n12::n136,,
,REFERENCE COUNTING (TO AN OBJECT),n12::n137,,
,STUBS (PYI),n12::n138,,
,TESTING,n12::n139,,
,CODE METRICS,n12::n140,,
,MESSAGING,n12::n141,,
,SCHEDULER,n12::n142,,
,PEP-8 - STYLE GUIDE,n12::n143,,
,FORMATTING,n12::n144,,
,CORE DUMP,n12::n145,,
,PERFORMANCE,n12::n146,,
,MEMORY,n12::n147,,
,TRACING,n12::n148,,
,DEBUGGING,n12::n149,,
,WEB,n12::n150,,
,REGEX,n12::n151,,
,MULTILINE STRINGS,n12::n152,,
,DOCS - HOW TO USE,n12::n153,,
,COMPREHENSION,n12::n154,,
,FORMAT STRING,n12::n155,,
,OOP METHODS,n12::n156,,
,EXCEPTION HANDLING,n12::n157,,
,OS / FILE SYS,n12::n158,,
,ML,n12::n159,,
,DB,n12::n160,,
,VIRTUAL ENV,n12::n161,,
,IMPORT,n12::n162,,
,PACKAGES,n12::n163,,
,UNARY,n12::n164,,
,CODE COVERAGE,n12::n165,,
,ERROR,n12::n166,,
,RAISE ERROR,n12::n167,,
,TRY/EXCEPT/ELSE/FINALLY,n12::n168,,
,DEQUE: DOUBLE ENDED QUEUE,n12::n169,,
,ARRAY:,n12::n170,,
,NAMED TUPLE,n12::n171,,
,ITERABLE,n12::n172,,
,EXCEPT EXCEPTION AS EX:,n12::n173,,
,ELSE,n12::n174,,
,FINALLY,n12::n175,,
,WITH: ,n12::n176,,
,OPEN,n12::n177,,
,FIRST CLASS FUNCTIONS,n12::n178,,
,REFERENCE CYCLE,n12::n179,,
,TRUTHY,n12::n180,,
,INTERNING,n12::n181,,
,MONKEY PATCHING,n12::n182,,
,__CODE__,n12::n183,,
,PEEPHOLE OPTIMIZATION,n12::n184,,
,ROUNDING,n12::n185,,
,BANKERS ROUNDING,n12::n186,,
,DECIMAL.LOCALCONTEXT,n12::n187,,
,PYMALLOC,n12::n188,,
,TRUNCATION,n12::n189,,
,OPERATOR PRECEDENCE,n12::n190,,
,SHORTCUTTING (CONDITIONALS),n12::n191,,
,TRUTH TABLE,n12::n192,,
,ANALOGY - ELECTRICAL CIRCUIT,n12::n193,,
,UNPACKING NESTED ARGS,n12::n194,,
,__DOC__,n12::n195,,
,HELP(),n12::n196,,
,FUNCTION ANNOTATIONS,n12::n197,,
,TYPE HINT,n12::n198,,
,__ANNOTATIONS__,n12::n199,,
,DOXYGEN,n12::n200,,
,SPHINX,n12::n201,,
,SINGLE EXPRESSION ONLY,n12::n202,,
,ORD(),n12::n203,,
,ASCII,n12::n204,,
,SORTED(),n12::n205,,
,FUNCTION INTROSPECTION,n12::n206,,
,FUNCTION INTROSPECTION,n12::n207,,
,DIR(),n12::n208,,
,CAN ADD ATTRIBUTES TO ANY FIRST CLASS OBJECT,n12::n209,,
,ATTRIBUTES,n12::n210,,
,__NAME__,n12::n211,,
,__DEFAULTS__,n12::n212,,
,__KWDEFAULTS__,n12::n213,,
,__CODE__,n12::n214,,
,CO_VARNAMES,n12::n215,,
,CO_ARGCOUNT,n12::n216,,
,INSPECT MODULE,n12::n217,,
,INSPECT.ISMETHOD,n12::n218,,
,INSPECT.ISFUNCTION,n12::n219,,
,INSPECT.ISROUTINE,n12::n220,,
,INSPECT.GETSOURCE(FUNC) INCLUDES FULL DEF STATEMENT,n12::n221,,
,INSPECT.GETCOMMENTS(MYFUNC),n12::n222,,
,DOC CREATOR,n12::n223,,
,INSPECT.SIGNATURE,n12::n224,,
,PYSTACK,n12::n225,,
,MEMRAY,n12::n226,,
,INSPECT.GETMODULE,n12::n227,,
,FROZEN MODULES,n12::n228,,
,BOOTSTRAPPING,n12::n229,,
,CPYTHON,n12::n230,,
,CALLABLE,n12::n231,,
,LOCALS(),n12::n232,,
,GLOBALS(),n12::n233,,
,OBJECT (CLASS),n12::n234,,
,DTRACE(),n12::n235,,
,STACK FRAME,n12::n236,,
,DWARF,n12::n237,,
,LINUX PROFILER,n12::n238,,
,C API EXTENSION,n12::n239,,
,C EXTENSION,n12::n240,,
,SYSTEMTAP,n12::n241,,
,SOCKET,n12::n242,,
,UNICODE,n12::n243,,
,GDB,n12::n244,,
,ENUM,n12::n245,,
,"@CLASSMETHOD (SPECIAL CLASS METHODS - FACTORY, WORKS WELL WITH CLASS INHERITANCE )",n12::n246,,
,CLEAN ARCHITECTURE,n12::n247,,
,DIS() : DISASSEMBLING TO ...,n12::n248,,
,CEVAL.C,n12::n249,,
,LLTRACE,n12::n250,,
,PY_DEBUG,n12::n251,,
,--WITH-PYDEBUG,n12::n252,,
,VALGRIND,n12::n253,,
,PYTHONMALLOCSTATS=1 PYTHON.EXE,n12::n254,,
,SEGFAULTS,n12::n255,,
,HUNG PROCESSES,n12::n256,,
,OUT OF CONTROL DAEMON,n12::n257,,
,BACKTRACE,n12::n258,,
,CALLSTACK,n12::n259,,
,PYTHON FRAME,n12::n260,,
,JIT COMPILER,n12::n261,,
,OPCODES,n12::n262,,
,SYS.MONITORING,n12::n263,,
,PYDEVD,n12::n264,,
,@STATICMETHOD (BELONGS TO CLASS BUT DOESNT ACCESS CLASS PROPS / GOOD FOR UTILITIES),n12::n265,,
,__NEW__,n12::n266,,
,ALWAYS RETURN SOMETHING,n12::n267,,
,__CALL__,n12::n268,,
,ITERATOR,n12::n269,,
,CAN TAKE A NONE FUNCTION,n12::n270,,
,REDUCING FUNCTION,n12::n271,,
,MAX,n12::n272,,
,SUM,n12::n273,,
,FUNCTOOLS,n12::n274,,
,REDUCE,n12::n275,,
,PARTIAL,n12::n276,,
,OPERATOR,n12::n277,,
,ADD,n12::n278,,
,MUL,n12::n279,,
,POW,n12::n280,,
,MOD,n12::n281,,
,FLOORDIV,n12::n282,,
,NEG,n12::n283,,
,< : LT,n12::n284,,
,,n12::n285,,
,IS,n12::n286,,
,IS NOT,n12::n287,,
,CONCAT,n12::n288,,
,CONTAINS,n12::n289,,
,COUNTOF,n12::n290,,
,GETITEM,n12::n291,,
,SETITEM,n12::n292,,
,DELITEM,n12::n293,,
,ITEMGETTER,n12::n294,,
,ATTRGETTER,n12::n295,,
,METHODCALLER,n12::n296,,
,GOOD FOR DYNAMIC,n12::n297,,
,BUILT-IN,n12::n298,,
,MODULE / GLOBAL SCOPE,n12::n299,,
,FUNCTION,n12::n300,,
,LOCAL SCOPE,n12::n301,,
,NO WRITE SCOPE TO ENCLOSING SCOPES,n12::n302,,
,NESTED,n12::n303,,
,REFERENCE / GC,n12::n304,,
,GLOBAL,n12::n305,,
,"IF OVERWRITING - ""MASKING"" HIGHER LEVEL SCOPE",n12::n306,,
,AT COMPILE TIME,n12::n307,,
,IF YOU MODIFY IT LOCALLY - IT CLASSIFIES IT AS LOCAL WHICH MEANS IT IS NO LONGER LOOKING UP NESTED SCOPE,n12::n308,,
,NONLOCAL,n12::n309,,
,CELL - 2 MEM ADDRESSES - ,n12::n310,,
,CO_FREEVARS,n12::n311,,
,FREE VARIABLE,n12::n312,,
,__CLOSURE__,n12::n313,,
,INSTANCES,n12::n314,,
,LAMBDAS,n12::n315,,
,FUNCTOOLS.WRAPS,n12::n316,,
,COMPARISON,n12::n317,,
,OTHER,n12::n318,,
,MEMOIZATION (CACHING) - CACHE,n12::n319,,
,CLOSURES,n12::n320,,
,CLASSES,n12::n321,,
,DECORATOR FACTORY - RETURNS DECORATOR TIMED(10)(FN),n12::n322,,
,FUNCTOOLS.LRU_CACHE,n12::n323,,
,FUNCTOOLS.CACHE,n12::n324,,
,VERSION,n12::n325,,
,PYTHON --VERSION,n12::n326,,
,PYTHON import sys print(sys.version_info print(sys.version),n12::n327,,
,UTF-8,n12::n328,,
,.ENCODE,n12::n329,,
,.DECODE,n12::n330,,
,BYTES,n12::n331,,
,STR,n12::n332,,
,rb (binary),n12::n333,,
,wb (binary),n12::n334,,
,"WITH OPEN(â€˜/TMP/RANDOM.BINâ€™, â€˜WBâ€™) AS F: F.WRITE(OS.URANDOM(10))",n12::n335,,
,STRING FORMATTING,n12::n336,,
,"f""{var_a} is {type_var_a}""",n12::n337,,
,"""{0} is {1}"".format(a,b)",n12::n338,,
,"print(""%r %r %r"" % (red, green, blue ) )",n12::n339,,
,"""Length: {0:.5f}"".format(var_a)",n12::n340,,
,"template = ""{0:.5f}:{1:.5f}:{2:.5f}"" print(template.format(red,green))",n12::n341,,
,DEFAULT VALUES,n12::n342,,
,"MY_VALUES.GET('RED', [''])[0] OR 0",n12::n343,,
,"A = A or """"",n12::n344,,
,TRY: A = B.RED EXCEPT EXCEPTION AS E: A = 255 # DEFAULT,n12::n345,,
,RED = INT(RED[0]) IF RED[0] ELSE 0,n12::n346,,
,COLLECTIONS.ABC,n12::n347,,
,SLICING,n12::n348,,
,A[:-1:],n12::n349,,
,A[-0:] (COPIES),n12::n350,,
,A[:] (COPY OF WHAT IS REFERENCED),n12::n351,,
,FRAME,n12::n352,,
,PYTEST,n12::n353,,
,CD ...,n12::n354,,
,TEST_*.PY OR *_TEST.PY,n12::n355,,
,DEF ... (): ASSERT ... == ..,n12::n356,,
,COMPOUND: [X FOR ROW IN MATRIX FOR X IN ROW],n12::n357,,
,[LEN(X) FOR X IN OPEN('/TMP/MY_FILE.TXT')],n12::n358,,
,NEXT(),n12::n359,,
,LIST(),n12::n360,,
,FOR,n12::n361,,
,COVERAGE / PYTEST-COV,n12::n362,,
,PYTEST .,n12::n363,,
,coverage run -m pytest,n12::n364,,
,coverage html,n12::n365,,
,TECHNICAL DEBT,n12::n366,,
,GIT MINING,n12::n367,,
,PYTHON -M PYDOC -B ,n12::n368,,
,PYPROJECT.TOML,n12::n369,,
,.GITMESSAGE,n12::n370,,
,.GITCONFIG,n12::n371,,
,SHIM,n12::n372,,
,PY.PY,n12::n373,,
,SYS.MODULES,n12::n374,,
,DYNAMIC PROGRAMMING,n12::n375,,
,COMPILE,n12::n376,,
,EXEC,n12::n377,,
,EVAL,n12::n378,,
,CPYTHON LOADING,n12::n379,,
,CONTEXTLIB.CONTEXTMANAGER,n12::n380,,
,YIELD,n12::n381,,
,* - right - keyword only,n12::n382,,
,/ - right - keyword or positional,n12::n383,,
,ARGUMENT SPECIFICATION,n12::n384,,
,BITWISE OPERATOR,n12::n385,,
,<<,n12::n386,,
,>>,n12::n387,,
,BITSHIFT,n12::n388,,
,USING CLASS WITH __CALL__ - CAN USE AS DPARAMETERIZED DECORATOR,n12::n389,,
,VARS() - BUILTIN,n12::n390,,
,@WRAPS - CARRIES WRAPPED FUNCTION INFO (__DOC__ ETC,n12::n391,,
,BACKWARDS COMPATIBLE WAYS OF CLEANING UP GET SET,n12::n392,,
,START:END:STRIDE,n12::n393,,
,FOR DICTS;SETS;LISTS,n12::n394,,
,LIST COMPREHENSION,n12::n395,,
,COMPOUND: [X FOR ROW IN MATRIX FOR X IN ROW],n12::n396,,
,EXAMPLE: (len(x) for x in open(â€˜/tmp/my_file.txtâ€™)),n12::n397,,
,TIP: CHAINING GENERATORS,n12::n398,,
,TIP: CAN ONLY INTERATE OVER ONCE,n12::n399,,
,.ITEMS,n12::n400,,
,.VALUES,n12::n401,,
,.KEYS,n12::n402,,
,ZIP_LONGEST - ITERTOOLS,n12::n403,,
,EXCEPTIONS,n12::n404,,
,RAISE EXCEPTION INSTEAD OF RETURNING NONE,n12::n405,,
,GENERATOR FUNCTION,n12::n406,,
,YIELD,n12::n407,,
,__ITER__ - DEFINE THIS METHOD TO RETURN A ITERATOR CONTAINER FOR COMPOUND GENERATION?,n12::n408,,
,DONT INSTANTIANTIATE OR USE EMPTY CONTAINERS - INSTEAD USE NONE,n12::n409,,
,ONLY EVALUATED ONCE (MODULE LOAD),n12::n410,,
,__CALL__ - IMPROVING CLARITY THROUGH MAKING A METHOD CALLABLE PER THE INSTANCE NAME,n12::n411,,
,.MRO() - METHOD RESOLUTION ORDER,n12::n412,,
,MULTIPLE INHERITANCE,n12::n413,,
,MIX-IN CLASSES (FUNCTIONS ONLY) - INHERITED BY CLASSES NEEDING COMMON FUNCTIONALITY,n12::n414,,
,CLS - FIRST ARG,n12::n415,,
,PRIVATE - CANNOT BE ACCESSED WITH DOT NOTATION - NEEDS A GETTER THAT RETURNS IT,n12::n416,,
,SUBCLASSES CANNOT ACCESS THESE,n12::n417,,
,ABC,n12::n418,,
,PROTECTED (NOT PRIVATE),n12::n419,,
,Only consider using private attributes to avoid naming conflicts with subclasses that,n12::n420,,
,REPR(),n12::n421,,
,WeakKeyDictionary,n12::n422,,
,SUPER() ,n12::n423,,
,GETATTR - BUILTIN,n12::n424,,
,HASATTR - BUILTIN,n12::n425,,
,__DICT__,n12::n426,,
,__GETATTRIBUTE__,n12::n427,,
,__SETATTR__,n12::n428,,
,__GETATTR__,n12::n429,,
,PYTHON STANDARD LIBRARY,n12::n430,,
,,CMATH (STD LIB),n12::n430::n0,
,STANDARD PYTHON PACKAGE BUILDING,n12::n431,,
,,SETUP.CFG,n12::n431::n0,
,,README.MD,n12::n431::n1,
,,TESTS,n12::n431::n2,
,,REQUIREMENTS.TXT,n12::n431::n3,
,,__INIT.PY,n12::n431::n4,
,,SETUP.PY,n12::n431::n5,
,PACKAGING,n12::n432,,
,,HASH TABLE,n12::n432::n0,
,,SERIALIZATION,n12::n432::n1,
,,HATCH,n12::n432::n2,
,,RYE,n12::n432::n3,
,,PIPX,n12::n432::n4,
,,"EXTENSION MODULES: C,RUST, ETC - MORE DIFFICULT TO PACKAGE",n12::n432::n5,
,,DISTUTILS,n12::n432::n6,
,,EXTENSIONLIB,n12::n432::n7,
,,GITHUB ACTIONS / WORKFLOW,n12::n432::n8,
,,TWINE,n12::n432::n9,
,,SDIST,n12::n432::n10,
,,PACKAGE,n12::n432::n11,
,,MODULES,n12::n432::n12,
,,https://www.freecodecamp.org/news/how-to-create-and-upload-your-first-python-package-to-pypi/,n12::n432::n13,
,,RUFF,n12::n432::n14,
,,FREEZING,n12::n432::n15,
,,EXECUTABLE,n12::n432::n16,
,,INSTALLER,n12::n432::n17,
,,PYINSTALLER,n12::n432::n18,
,,INSTALLER,n12::n432::n19,
,,SETUPTOOLS,n12::n432::n20,
,,PYTHONPATH,n12::n432::n21,
,,SITE-PACKAGES,n12::n432::n22,
,,DEV MODE,n12::n432::n23,
,,python -m pip install --upgrade build,n12::n432::n24,
,,python -m build,n12::n432::n25,
,,python -m pip install --upgrade twine,n12::n432::n26,
,,py -m twine upload --repository testpypi dist/*,n12::n432::n27,
,,PyPI API token,n12::n432::n28,
,,https://packaging.python.org/en/latest/tutorials/packaging-projects/,n12::n432::n29,
,,python -m pip freeze > requirements.txt,n12::n432::n30,
,,FORMATTER,n12::n432::n31,
,,,FLAKE8,n12::n432::n31::n0
,,TESTS,n12::n432::n32,
,,,PYTEST,n12::n432::n32::n0
,,FOLDER STRUCTURE,n12::n432::n33,
,,,PYPROJECT.TOML (REGISTER BUILD TOOLS),n12::n432::n33::n0
,,,PYTHON-PACKAGE.YML,n12::n432::n33::n1
,,,SETUP.PY (BUILD SCRIPT FOR BUILD TOOLS),n12::n432::n33::n2
,,,__INIT__.PY (MAKES CALLABLE AS MODULE/PACKAGE),n12::n432::n33::n3
,,,.GITIGNORE,n12::n432::n33::n4
,,,CHANGELOG.MD,n12::n432::n33::n5
,,,LICENSE.TXT,n12::n432::n33::n6
,,,README.MD,n12::n432::n33::n7
,,,EXAMPLES.MD,n12::n432::n33::n8
,,,TEST (FOLDER),n12::n432::n33::n9
,,,SRC OR PROJECT_NAME,n12::n432::n33::n10
,,,__MAIN__.PY,n12::n432::n33::n11
,,,STATIC (ASSETS),n12::n432::n33::n12
,,,PACKAGE_NAME,n12::n432::n33::n13
,,,PACKAGE_N,n12::n432::n33::n14
,,,SETUP.CFG (CONFIG FOR BUILD),n12::n432::n33::n15
,,,UNITTESTS,n12::n432::n33::n16
,,,SCRIPTS,n12::n432::n33::n17
,,,REQUIREMENTS.TXT,n12::n432::n33::n18
,,,ENTERPRISE BUSINESS RULES,n12::n432::n33::n19
,,,APP_BUS_RULES,n12::n432::n33::n20
,,,INTERFACE,n12::n432::n33::n21
,,,FRAMEWORKS_DRIVERS,n12::n432::n33::n22
,,,MANIFEST.in,n12::n432::n33::n23
,,,MANIFEST.IN,n12::n432::n33::n24
,CONCURRENT CODE,n12::n433,,
,,LOCKS,n12::n433::n0,
,,MUTEX - MUTUAL EXCLUSION LOCK,n12::n433::n1,
,,MULTI-THREADING,n12::n433::n2,
,,GIL - GLOBAL INTERPRETER LOCK,n12::n433::n3,
,,QUEUING,n12::n433::n4,
,,THREADS,n12::n433::n5,
,,PROCESSES,n12::n433::n6,
,,PARALLEL,n12::n433::n7,
,,ASYNC / AWAIT,n12::n433::n8,
,,REQUEST,n12::n433::n9,
,,RESPONSE,n12::n433::n10,
,,THREAD POOLS,n12::n433::n11,
,,COMMUNICATION PATTERNS,n12::n433::n12,
,,SCANS,n12::n433::n13,
,,CHUNK BY,n12::n433::n14,
,,DISTRIBUTION,n12::n433::n15,
,,REQUIRES REDUNDANCY,n12::n433::n16,
,,MEMORY VS TASKS...,n12::n433::n17,
,,THREAD SAFE,n12::n433::n18,
,,RACE CONDITION - TRY TO ACCESS OR MODIFY SAME DATA,n12::n433::n19,
,,CORE / CPU,n12::n433::n20,
,,PYTHON INTERPRETER,n12::n433::n21,
,,REDUCING,n12::n433::n22,
,,"""SMART"" TRANSMISSION - LIKE WHAT BRYCE WAS TALKING ABOUT - 128 BIT TRANSMISSION - ",n12::n433::n23,
,,EXAMPLES,n12::n433::n24,
,,SORTS,n12::n433::n25,
,,NLP METRICS - AVERAGE WORD SIZE,n12::n433::n26,
,,ANY WORKER TYPE,n12::n433::n27,
,,BULK OF LINKED TYPE TASKS / SEQUENTIAL TASKS,n12::n433::n28,
,,BLOCKING I/O,n12::n433::n29,
,,DEPENDENCIES / LINKING,n12::n433::n30,
,,C-EXTENSION,n12::n433::n31,
,,POLLING ...,n12::n433::n32,
,,PARALLEL PROCESS CHAIN,n12::n433::n33,
,,UNIX PIPES,n12::n433::n34,
,,PRIORITIES,n12::n433::n35,
,,DAEMON FLAG / THREAD (DONT HAVE TO FINISH?),n12::n433::n36,
,,THREAD JOINING - WAITS ON THESE BEFORE CONTINUING,n12::n433::n37,
,,SERIALIZATION / INTERNING OF ITEMS FOR MEMORY,n12::n433::n38,
,,QUEUES,n12::n433::n39,
,,SCHEDULER,n12::n433::n40,
,,GRABBING FROM SCHEDULER UNLESS FLAG,n12::n433::n41,
,,OPTIMIZING FOR MEMORY / COMMUNICATION / COMPUTE / SCHEDULING OVERHEAD,n12::n433::n42,
,,SUB-INTERPRETER,n12::n433::n43,
,,ASYNCIO,n12::n433::n44,
,,MULTIPROCESSING,n12::n433::n45,
,,THREADING,n12::n433::n46,
,,CONCURRENT.FUTURES,n12::n433::n47,
,,SUBPROCESS,n12::n433::n48,
,,CELERY - ASYNC TASK / JOB QUEUE / MESSAGE PASSING,n12::n433::n49,
,GUI,n12::n434,,
,,SYMBOL TABLE,n12::n434::n0,
,,TOOLTIP,n12::n434::n1,
,,THUMBNAILS,n12::n434::n2,
,,FEEDBACK AREA,n12::n434::n3,
,,INPUT BOXES,n12::n434::n4,
,,DROPDOWN LISTS,n12::n434::n5,
,,INTERACTIVITY ON SCREEN,n12::n434::n6,
,,BUTTONS,n12::n434::n7,
,,IMAGE,n12::n434::n8,
,,GUI,n12::n434::n9,
,CLI APPS,n12::n435,,
,,**,n12::n435::n0,
,,*,n12::n435::n1,
,,KWARGS,n12::n435::n2,
,,STDOUT,n12::n435::n3,
,,STDIN ,n12::n435::n4,
,,ARGUMENTS,n12::n435::n5,
,,CLI APPLICATIOINS,n12::n435::n6,
,,~ : OPERATOR PRECEDENCE,n12::n435::n7,
,,*SOME: UNPACKING?,n12::n435::n8,
,,CACHE,n12::n435::n9,
,,DEFAULT PARAMETERS,n12::n435::n10,
DATA STRUCTURES AND ALGORITHMS,n13,,,
,Insertion Sort,n13::n0,,
,hill_cipher,n13::n1,,
,Radix Sort,n13::n2,,
,Harris Detector,n13::n3,,
,Merge Sort,n13::n4,,
,BloomFilter,n13::n5,,
,Find Second Largest Element,n13::n6,,
,Quick Sort,n13::n7,,
,Fractional Knapsack,n13::n8,,
,Floyd Cycle Detection Algorithm to Find Duplicate Number,n13::n9,,
,Longest Common Subsequence,n13::n10,,
,Linear Search,n13::n11,,
,Bellman-Ford,n13::n12,,
,Cycle Sort,n13::n13,,
,Heap Sort,n13::n14,,
,Quick Select,n13::n15,,
,Exponential Search,n13::n16,,
,Arithmetic Progressions,n13::n17,,
,Bubble Sort,n13::n18,,
,Circular Linked List,n13::n19,,
,playfair-cipher,n13::n20,,
,Aliquot_Sum,n13::n21,,
,Kadane's Algorithm,n13::n22,,
,Shell Sort,n13::n23,,
,Geometric Pogression,n13::n24,,
,Counting Sort,n13::n25,,
,Euclidean algorithm,n13::n26,,
,Binary Search,n13::n27,,
,Find the maximum number,n13::n28,,
,rsa_cipher,n13::n29,,
,Fibonacci_Numbers,n13::n30,,
,vigenere_cipher,n13::n31,,
,Coin Change,n13::n32,,
,Average_Mean,n13::n33,,
,Singly Linked List,n13::n34,,
,Selection Sort,n13::n35,,
,array,n13::n36,,
,stack,n13::n37,,
,Finding the number of digits in a number,n13::n38,,
,queue,n13::n39,,
,caesar_cipher,n13::n40,,
,trie,n13::n41,,
,Longest Increasing Subsequence,n13::n42,,
,Doubly Linked List,n13::n43,,
,Recursive Bubble Sort,n13::n44,,
,magic_square,n13::n45,,
UNSORTED,n14,,,
,SUBROUTINES,n14::n0,,
,THEORETICAL COMPUTER SCIENCE,n14::n1,,
,P PROBLEM,n14::n2,,
,COMPOSITE DATA TYPES,n14::n3,,
,CHATBOTS,n14::n4,,
,AUGMENTED REALITY,n14::n5,,
,PARAMETERS,n14::n6,,
,LOGICAL OPERATORS,n14::n7,,
,VIRTUAL MACHINE,n14::n8,,
,TRANSISTORS,n14::n9,,
,CONNECT BLOCK,n14::n10,,
,INSTRUCTIONS,n14::n11,,
,INPUT/OUTPUT (I/O),n14::n12,,
,FUNCTIONS,n14::n13,,
,PROCESSES,n14::n14,,
,ERROR CORRECTION,n14::n15,,
,SCHEDULING,n14::n16,,
,CACHES,n14::n17,,
,BINARY,n14::n18,,
,PARALLEL PROGRAMMING,n14::n19,,
,SOUND,n14::n20,,
,PARITY CHECKING,n14::n21,,
,DATA CENTERS,n14::n22,,
,TELEPRESENCE,n14::n23,,
,RELATIONAL OPERATORS,n14::n24,,
,BROWSER,n14::n25,,
,VALIDATION,n14::n26,,
,GPU,n14::n27,,
,ARITHMETIC OPERATORS,n14::n28,,
,REINFORCEMENT,n14::n29,,
,QUEUING,n14::n30,,
,DATABASES,n14::n31,,
,COMPUTER GRAPHICS,n14::n32,,
,VIRTUAL MEMORY,n14::n33,,
,TESTING,n14::n34,,
,MULTI-PROCESSING,n14::n35,,
,DEEP LEARNING,n14::n36,,
,CONTROL UNITS,n14::n37,,
,STRING MANIPULATION,n14::n38,,
,COMPUTATIONAL THINKING,n14::n39,,
,PSEUDOCODE,n14::n40,,
,INTERPRETER,n14::n41,,
,SOLID STATE DRIVE,n14::n42,,
,OPEN/CLOSED SOURCE,n14::n43,,
,OPTIMIZATION PROBLEM,n14::n44,,
,HALTING PROBLEM,n14::n45,,
,COMPUTATIONAL PHYSICS,n14::n46,,
,BOOLEAN SATISFIABILITY,n14::n47,,
,APPLICATIONS,n14::n48,,
,NUMERIC DATA,n14::n49,,
,STATE MACHINE,n14::n50,,
,ASSIGNMENT OPERATORS,n14::n51,,
,BUBBLESORT,n14::n52,,
,SAT PROBLEMS,n14::n53,,
,ALGORITHM DESIGN,n14::n54,,
,SUPERVISED,n14::n55,,
,COMPUTATIONAL GEOEMTRY,n14::n56,,
,NUMERICAL ANALYSIS,n14::n57,,
,ASSEMBLY LANGUAGE,n14::n58,,
,HACKING,n14::n59,,
,SILCON,n14::n60,,
,DATA LAKE,n14::n61,,
,MOUSE,n14::n62,,
,USER INTERFACES,n14::n63,,
,ALGORITHMIC THINKING,n14::n64,,
,VARIABLE SCOPE,n14::n65,,
,MACHINE LEARNING,n14::n66,,
,BEST PRACTICES,n14::n67,,
,DOCUMENTATION,n14::n68,,
,INTERNET OF THINGS,n14::n69,,
,RECURSION,n14::n70,,
,I/O,n14::n71,,
,PROCESSING,n14::n72,,
,ABSTRACT SYNTAX TREE,n14::n73,,
,POLYMORPHISM,n14::n74,,
,THREADS,n14::n75,,
,RAM,n14::n76,,
,INFORMATION THEORY,n14::n77,,
,FPGA,n14::n78,,
,CONSTANTS,n14::n79,,
,IMAGES,n14::n80,,
,SECONDARY STORAGE,n14::n81,,
,BOOLEAN ALGEBRA,n14::n82,,
,INHERITANCE,n14::n83,,
,DISTRIBUTED SYSTEM,n14::n84,,
,SOFTWARE DEVELOPMENT APPROACHES,n14::n85,,
,PRIVATE KEY,n14::n86,,
,PROCEDURES,n14::n87,,
,NETWORKING,n14::n88,,
,BINARY SORT,n14::n89,,
,TEXT,n14::n90,,
,PERFORMANCE,n14::n91,,
,TURING MACHINE - GENERAL PURPOSE COMPUTER,n14::n92,,
,EVALUATION,n14::n93,,
,PROCESS TREES,n14::n94,,
,FLIP FLOPS,n14::n95,,
,ARTIFICIAL INTELLIGENCE,n14::n96,,
,ANALOG V. DIGITAL,n14::n97,,
,CISC V. RISC,n14::n98,,
,PUBLIC KEY,n14::n99,,
,TRANSPILER,n14::n100,,
,PROPERITIES,n14::n101,,
,STORAGE,n14::n102,,
,ROM,n14::n103,,
,VON NEUMANN,n14::n104,,
,ALGORITHM COMPLEXITY,n14::n105,,
,FLOWCHARTS,n14::n106,,
,COMPUTATION COMPLEXITY,n14::n107,,
,POWER,n14::n108,,
,KNOWLEDGE REPRESENTATION,n14::n109,,
,VARIABLES,n14::n110,,
,COMPUTER VISION,n14::n111,,
,NP COMPLETE PROBLEM,n14::n112,,
,MAKE DECISIONS,n14::n113,,
,COMPILER,n14::n114,,
,WEB APPS,n14::n115,,
,UTILITIES,n14::n116,,
,DATA,n14::n117,,
,UI DESIGN,n14::n118,,
,FILE HANDLING,n14::n119,,
,GRAPH THEORY,n14::n120,,
,ADDERS,n14::n121,,
,SUPERCOMPUTING,n14::n122,,
,NEURAL NETWORK,n14::n123,,
,COMPUTATIONAL SCIENCE,n14::n124,,
,REGISTER,n14::n125,,
,CODE GENERATION,n14::n126,,
,DATA STRUCTURES,n14::n127,,
,GATES,n14::n128,,
,HEXADECIMAL,n14::n129,,
,ALUS,n14::n130,,
,DEBUGGING,n14::n131,,
,SOFTWARE ENGINEERING,n14::n132,,
,LINKED LIST,n14::n133,,
,MOTHERBOARD,n14::n134,,
,INTERCONNECTION,n14::n135,,
,NP PROBLEM,n14::n136,,
,QUERY LANGUAGES,n14::n137,,
,IDE,n14::n138,,
,COMPUTABILITY THEORY - WHAT IS COMPUTABLE,n14::n139,,
,NATURAL LANGUAGE PROCESSING,n14::n140,,
,LOGIC,n14::n141,,
,BQP PROBLEM,n14::n142,,
,INCREMENTAL TESTING,n14::n143,,
,BASIC CIRCUITS,n14::n144,,
,FETCH/EXECUTE CYCLE,n14::n145,,
,METHODS,n14::n146,,
,SWITCH BLOCK,n14::n147,,
,COMPRESSION,n14::n148,,
,LAMBDA CALCULUS,n14::n149,,
,CLASSIFY,n14::n150,,
,LOGIC BLOCK,n14::n151,,
,DATA TYPES,n14::n152,,
,CLASSES,n14::n153,,
,AUTOMATA THEORY,n14::n154,,
,BIOS,n14::n155,,
,ROBOTICS,n14::n156,,
,MERGE SORT,n14::n157,,
,CLUSTERING,n14::n158,,
,HUMAN COMPUTER INTERACTION,n14::n159,,
,PROBLEM SOLVING,n14::n160,,
,MONITOR,n14::n161,,
,ANALYSIS,n14::n162,,
,HPC - HIGH PERFORMCE COMPUTING,n14::n163,,
,BINARY SEARCH TREE,n14::n164,,
,HIGHER ORDER FUNCTIONS,n14::n165,,
,DYNAMIC DISPATCH,n14::n166,,
,MACROS,n14::n167,,
,ABSTRACT MACHINE,n14::n168,,
,GARBAGE COLLECTION,n14::n169,,
,EUCLIDS ALGORITHM,n14::n170,,
,MEMORY,n14::n171,,
,TIME,n14::n172,,
,RESPONSE TIME,n14::n173,,
,KERNEL,n14::n174,,
,POSIX,n14::n175,,
,UNICODE,n14::n176,,
,WSGI: WEB SERVER GATEWAY INTERFACE,n14::n177,,
,HTTP: HYPERTEXT TRANSFER PROTOCOL,n14::n178,,
,HTTPS,n14::n179,,
,PAAS: PLATFORM AS A SERVICE (HOSTING APPLICATIONS IN CLOUD),n14::n180,,
,IAAS: INFRASTRUCTURE AS A SERVICE (SCALABLE ARCHITECTURE),n14::n181,,
,SAAS: SOFTWARE AS A SERVICE,n14::n182,,
,CONTAINER,n14::n183,,
,SERVER,n14::n184,,
,OPERATING SYSTEM,n14::n185,,
,WEB SERVER,n14::n186,,
,COMPUTE,n14::n187,,
,STORAGE,n14::n188,,
,HYPERVISOR / VIRTUALIZATION,n14::n189,,
,REST API,n14::n190,,
,OPEN STACK,n14::n191,,
,VPS: VIRTUAL PRIVATE SERVER,n14::n192,,
,SERVERLESS,n14::n193,,
,PUTTY,n14::n194,,
,PROVISIONING,n14::n195,,
,FAULT TOLERANCE,n14::n196,,
,EVENT DRIVEN,n14::n197,,
,WORKLOAD ORCHESTRATION,n14::n198,,
,BARE METAL MACHINES,n14::n199,,
,KUBERNETES,n14::n200,,
,SYSTEM IMAGES,n14::n201,,
,STATELESS,n14::n202,,
,STATEFUL,n14::n203,,
,HTTP REQUEST,n14::n204,,
,SOAP,n14::n205,,
,PROTOCOL,n14::n206,,
,WEBSOCKET,n14::n207,,
,WEBHOOK,n14::n208,,
,MONITORING SERVICE,n14::n209,,
,SDK,n14::n210,,
,NETWORKING,n14::n211,,
,LOAD BALANCING,n14::n212,,
,DNS,n14::n213,,
,SDN,n14::n214,,
,PACKAGING,n14::n215,,
,IDENTITY PROVIDER,n14::n216,,
,TOKEN,n14::n217,,
,CERTIFICATE,n14::n218,,
,GCC,n14::n219,,
,KLANG,n14::n220,,
C++,n15,,,
,AA,n15::n0,,
ML,n16,,,
,TRAINING DATA,n16::n0,,
,VALIDATION DATA,n16::n1,,
,TEST DATA,n16::n2,,
,TRAINING / TEST SPLIT,n16::n3,,
,LINEAR REGRESSION,n16::n4,,
,OVERFITTING,n16::n5,,
,CLASSIFICATION PROBLEM,n16::n6,,
,ERROR METRICS,n16::n7,,
,K NEAREST NEIGHBORS,n16::n8,,
,DECISION TREES,n16::n9,,
,FEATURES,n16::n10,,
,MODEL,n16::n11,,
,IMAGE,n16::n12,,
,SUPPORT VECTOR MACHINE (SVM),n16::n13,,
,K MEANS CLUSTERING,n16::n14,,
,PRINCIPAL COMPONENT ANALYSIS,n16::n15,,
,RECOMMENDER SYSTEMS,n16::n16,,
,NLP,n16::n17,,
,NEURAL NETS,n16::n18,,
,DEEP LEARNING,n16::n19,,
,SUPERVISED LEARNING,n16::n20,,
,ANNOTATION,n16::n21,,
,REINFORCEMENT LEARNING,n16::n22,,
,A/B TESTING,n16::n23,,
,HARMONIC MEAN,n16::n24,,
,BIG DATA,n16::n25,,
,CLOUD,n16::n26,,
,TYPE 1 / TYPE 2 ERRORS (FALSE POS / FALSE NEG),n16::n27,,
,PERCEPTRON,n16::n28,,
,ACTIVATION FUNCTIONS,n16::n29,,
,TENSOR FLOW,n16::n30,,
,PYTORCH,n16::n31,,
,KERAS,n16::n32,,
,PANDAS,n16::n33,,
,NUMPY,n16::n34,,
,TENSORBOARD,n16::n35,,
,BACKPROPAGATION,n16::n36,,
,GRADIENT DESCENT,n16::n37,,
,RANDOM FOREST,n16::n38,,
,ACCURACY,n16::n39,,
,RECALL,n16::n40,,
,RMS ERROR,n16::n41,,
,MEAN ABSOLUTE ERROR,n16::n42,,
,SCIKIT-LEARN,n16::n43,,
,COMPANY FAQ SYSTEM,n16::n44,,
,ADVISING ON NEXT STEPS IN CREO,n16::n45,,
,AUTOCOMPLETION IN EMAIL,n16::n46,,
,CONTEXT BASED TRANSLATION DURING BOOK READING,n16::n47,,
,IDENTIFYING MOUSE IN CATS MOUTH AT DOOR,n16::n48,,
,DATA CLEANING,n16::n49,,
,DATA ACQUISITION,n16::n50,,
,MODEL PARAMETERS,n16::n51,,
,CLUSTERING,n16::n52,,
,GENERAL CODE COMPLETION,n16::n53,,
,TASK BASED OVERLAYS ON DESKTOP,n16::n54,,
,LABELED DATA,n16::n55,,
,NAIVE BAYES,n16::n56,,
,SGD CLASSIFIER,n16::n57,,
,KERNEL APPROXIMATION,n16::n58,,
,LINEAR SVC,n16::n59,,
,RIDGE REGRESSION,n16::n60,,
,RANDOMIZED PCA,n16::n61,,
,DIMENSIONALITY REDUCTION,n16::n62,,
,EMBEDDINGS,n16::n63,,
,SPECTRAL EMBEDDINGS,n16::n64,,
,LLE,n16::n65,,
,ENSEMBLE CLASSIFIERS,n16::n66,,
,PREPROCESSING,n16::n67,,
,SENTIMENT ANALYSIS,n16::n68,,
,"CONVERSATION ANALYSIS - SEXISM, CONDESCENION, ",n16::n69,,
,LOGICAL FALLACIES,n16::n70,,
,PROMISE DETECTION,n16::n71,,
,"WIKI AUTO LINKING - UNIQUE PHRASE DETECTION, TAGGING",n16::n72,,
,STREAMLIT,n16::n73,,
,DEPLOY,n16::n74,,
,SHARE,n16::n75,,
,PIPELINES,n16::n76,,
,CROSS DECOMPOSITION,n16::n77,,
,COVARIANCE ESTIMATION,n16::n78,,
,BICLUSTERING,n16::n79,,
,PROCESS DECISION TREE DEVELOPMENT,n16::n80,,
,VECTORIZATION,n16::n81,,
,TOKENIZING,n16::n82,,
,EXTENDING API WHERE INFO IS LIMITED,n16::n83,,
,BAGGING,n16::n84,,
,BOOSTING,n16::n85,,
,ORTHOGONAL ,n16::n86,,
,ENSEMBLE,n16::n87,,
,BOOTSTRAP AGGREGATION,n16::n88,,
,DECISION TREES,n16::n89,,
